"Incident Date",State,"City Or County",Address,"# Killed","# Injured",Operations
"August 17, 2018","South Carolina",Cordova,N/A,0,1,N/A
"August 17, 2018","South Carolina",Lexington,"1201 W Main St",0,1,N/A
"August 17, 2018",Tennessee,"Pigeon Forge",N/A,0,1,N/A
"August 17, 2018",Alaska,Dillingham,"Snake Lake Rd",0,1,N/A
"August 16, 2018","West Virginia",Grafton,"W Main St",0,1,N/A
"August 16, 2018","New Hampshire",Manchester,"39 Walnut St",0,1,N/A
"August 15, 2018",Washington,Bremerton,"West Belfair Valley Rd",0,1,N/A
"August 13, 2018",Michigan,Detroit,"12000 block of Laing",0,1,N/A
"August 13, 2018",Ohio,Toledo,"3700 block of N Erie St",0,2,N/A
"August 13, 2018",Ohio,Toledo,"200 block of Van Buren Ave",0,1,N/A
"August 13, 2018",Texas,Nome,"US-90 and TX-326",0,1,N/A
"August 12, 2018","South Carolina",Beaufort,"2448 Boundary St",0,1,N/A
"August 12, 2018",Ohio,Caldwell,"Devolld Cemetery Rd",0,0,N/A
"August 12, 2018",Ohio,Caldwell,"Devolld Cemetery R",0,1,N/A
"August 12, 2018",Illinois,Chicago,"7200 block of S Coles Ave",0,1,N/A
"August 11, 2018",Michigan,Jackson,"E Michigan Ave and Cooper St",0,1,N/A
"August 10, 2018",Texas,"San Antonio",N/A,0,1,N/A
"August 10, 2018",Iowa,"Des Moines","2100 block of York St",0,1,N/A
"August 9, 2018",California,"Red Bluff","1600 block of Elva Avenue",0,1,N/A
"August 9, 2018",California,Salinas,"East Lake St and Soledad St",0,1,N/A
"August 9, 2018",Ohio,Lancaster,N/A,0,1,N/A
"August 9, 2018","North Dakota",Williston,"2300 block of 17th Ave W",0,1,N/A
"August 8, 2018",Texas,"San Antonio","2300 block of W Salinas",0,1,N/A
"August 8, 2018","North Carolina","Forest City","175 Lakeview Dr",1,1,N/A
"August 7, 2018",Tennessee,Murfreesboro,"915 N Thompson Ln",0,2,N/A
"August 7, 2018",Michigan,Detroit,"16000 block of Trinity St",0,1,N/A
"August 5, 2018",Mississippi,Hattiesburg,"3800 block of W 4th St",0,1,N/A
"August 5, 2018",Washington,"Seattle (Burien)","14600 block of 1st Ave S",0,3,N/A
"August 4, 2018","New Jersey","Fair Lawn","Rose Pl",0,2,N/A
"August 4, 2018","South Carolina",Columbia,"206 Jamil Rd",0,1,N/A
"August 4, 2018",California,Carlsbad,"5500 block of Whitman Way",1,2,N/A
"August 4, 2018",Louisiana,Shreveport,"2700 block of Murray St",0,2,N/A
"August 3, 2018",Idaho,Nampa,"500 block of S 17th Ave",0,1,N/A
"August 3, 2018",Indiana,Indianapolis,"2400 block of Coyner Ave",0,1,N/A
"August 3, 2018",Ohio,Ashtabula,N/A,0,1,N/A
"August 3, 2018",Texas,Bryan,"4333 Wellborn Rd",0,1,N/A
"August 2, 2018",Kansas,Kinsley,"E 4th St",0,1,N/A
"August 2, 2018",Texas,"San Antonio","9100 block of Bridlewood Ln",0,0,N/A
"August 2, 2018",Illinois,Chicago,"3600 block of S Union Ave",0,1,N/A
"August 2, 2018",Texas,"San Antonio","9100 block of Bridlewood Ln",0,3,N/A
"August 1, 2018",Texas,"El Paso","1100 N Yarbrough Dr",0,1,N/A
"August 1, 2018",Indiana,"South Bend","100 block of W Dayton St",0,1,N/A
"August 1, 2018",Georgia,Columbus,"1200 Warren Williams Rd",0,1,N/A
"July 31, 2018",Texas,Tomball,"19435 Ambrosia Falls Dr",0,1,N/A
"July 31, 2018",Tennessee,Murfreesboro,"1000 block of Grantland Ave",0,1,N/A
"July 31, 2018",Indiana,Anderson,"1040 Main St",0,1,N/A
"July 31, 2018",Kentucky,Berea,"100 block of Long Hollow Rd",0,1,N/A
"July 30, 2018",Maine,Lewiston,"585 Main St",0,1,N/A
"July 30, 2018",Wisconsin,Milwaukee,"Burleigh and Holton",0,2,N/A
"July 29, 2018",Kansas,Lenexa,N/A,0,1,N/A
"July 29, 2018",Virginia,Portsmouth,"1400 block of Lake Forest Drive",0,1,N/A
"July 29, 2018",Michigan,Alto,"8313 Pratt Lake Ave",0,1,N/A
"July 28, 2018",Virginia,Richmond,"4000 block of Lamplighter Dr",0,1,N/A
"July 28, 2018",Georgia,Newnan,"10 block of Ball St",0,1,N/A
"July 27, 2018",Colorado,"Castle Rock","600 block of Howe St",0,1,N/A
"July 27, 2018",Florida,"Miami (Doral)","10623 NW 12th St",0,1,N/A
"July 26, 2018",Florida,Eustis,"40000 block of Sunset Pl",0,1,N/A
"July 26, 2018",Missouri,Columbia,"Grindstone Pkwy and Rock Quarry Rd",0,1,N/A
"July 25, 2018",Missouri,"Saint Louis","11100 block of Mammoth Dr",0,1,N/A
"July 25, 2018",Texas,Houston,"10155 East Freeway",0,1,N/A
"July 25, 2018",Virginia,Chesapeake,"900 block of Paramont Ave",0,1,N/A
"July 25, 2018",Tennessee,Antioch,"Hamilton Chruch Rd",0,1,N/A
"July 25, 2018",Kentucky,Richmond,"900 block of Villa Drive",0,1,N/A
"July 24, 2018",Massachusetts,Amherst,"826 N Pleasant St",0,1,N/A
"July 24, 2018",California,Farmersville,"898 E Visalia Rd",1,2,N/A
"July 24, 2018",Virginia,Lynchburg,"1800 block of Rivermont Ave",0,1,N/A
"July 24, 2018",Ohio,Cincinnati,"4600 Paddock Rd",0,2,N/A
"July 24, 2018",Missouri,"Saint Louis","7880 Chatwell Dr",0,1,N/A
"July 24, 2018",Texas,"San Antonio","4507 N Loop 1604 E",0,1,N/A
"July 23, 2018",California,"Long Beach","700 block of E Medio St",0,1,N/A
"July 22, 2018",Virginia,"Roanoke (Hollins)","5700 block of Oakland Blvd",0,1,N/A
"July 22, 2018",Maryland,Hagerstown,"17000 block of Hillsdale Ct",0,1,N/A
"July 22, 2018",Ohio,Cleveland,"3300 block of E 66th St",0,1,N/A
"July 22, 2018",Alabama,Samson,N/A,0,2,N/A
"July 21, 2018",Michigan,Detroit,"5900 block of Elmer St",0,1,N/A
"July 21, 2018","New York",Bronx,"Sedgwick Avenue and West 183rd St",0,3,N/A
"July 21, 2018",Wisconsin,Milwaukee,"2300 block of N 18th St",0,1,N/A
"July 21, 2018",Massachusetts,Topsfield,"4 Juniper Ln",0,1,N/A
"July 21, 2018","South Carolina",Inman,"Holly Springs Church Rd",0,2,N/A
"July 20, 2018",Texas,Mcallen,"6100 block of N 46th St",0,1,N/A
"July 20, 2018",Alabama,"Cedar Bluff",N/A,0,1,N/A
"July 20, 2018",Tennessee,Knoxville,"341 Merchants Dr",0,1,N/A
"July 20, 2018","West Virginia",Morgantown,"Cheat Rd and Rolling Hill",0,1,N/A
"July 20, 2018",Texas,Mcallen,"6100 block of N 46th St",0,1,N/A
"July 19, 2018",Vermont,"Wells River","3334 US 302",0,1,N/A
"July 19, 2018",Mississippi,Corinth,"Co Rd 755",0,1,N/A
"July 18, 2018",Louisiana,"New Orleans","2400 block of Urquhart St",0,1,N/A
"July 18, 2018",Florida,Dunedin,"1144 New York Ave",0,1,N/A
"July 18, 2018",Massachusetts,"West Springfield","119 Daggett Dr",0,1,N/A
"July 18, 2018",Texas,Premont,"CR 418",0,1,N/A
"July 16, 2018",Colorado,"Colorado Springs","1300 block of Sandalwood Dr",0,1,N/A
"July 15, 2018",Georgia,Lindale,"128 Doyle Rd",0,2,N/A
"July 15, 2018",Mississippi,Greenville,"1400 block of Casavechia St",0,1,N/A
"July 15, 2018",Mississippi,Hattiesburg,"5901 US 49",0,1,N/A
"July 14, 2018",Oklahoma,Davis,"6714 OK-77D",0,1,N/A
"July 14, 2018",Tennessee,Knoxville,"2630 N Broadway",0,1,N/A
"July 14, 2018",Florida,"Lake Wales","Oleander Rd",0,2,N/A
"July 13, 2018",Wisconsin,Madison,"2139 E Springs Dr",0,1,N/A
"July 13, 2018","North Dakota",Minot,"500 block of 22nd Ave NW",0,1,N/A
"July 13, 2018","North Carolina",Charlotte,"1500 block of Burton Rd",0,1,N/A
"July 12, 2018",Tennessee,"Ashland City","Cannon Rd",0,1,N/A
"July 12, 2018",Wisconsin,Russell,N/A,0,1,N/A
"July 12, 2018",Georgia,Macon,"4500 block of Ayers Rd",0,1,N/A
"July 11, 2018",Louisiana,"New Orleans","2500 block of St Roch Ave",0,1,N/A
"July 11, 2018",Louisiana,"Lake Charles","Shattuck St",0,1,N/A
"July 11, 2018",Oregon,Umatilla,"Chenowith Ave",0,1,N/A
"July 11, 2018",Michigan,Coldwater,"Hodunk Rd",0,1,N/A
"July 11, 2018",Texas,"San Antonio","7109 W Loop 1604 N",0,1,N/A
"July 11, 2018",Maine,Ellsworth,"Gary Moore Rd",0,1,N/A
"July 10, 2018",Virginia,Hampton,"I-64 and Mercury Blvd",0,1,N/A
"July 10, 2018",Texas,Cypress,"31700 block of Dunham Lake Dr",0,1,N/A
"July 10, 2018",Colorado,"Colorado Springs","8200 block of Caravel Dr",0,1,N/A
"July 9, 2018","South Carolina","Mount Pleasant","8400 block of North Highway 17",0,1,N/A
"July 9, 2018",Texas,"San Antonio","400 block of Chalmers",0,1,N/A
"July 8, 2018",Texas,"San Antonio","5518 Culebra Rd",0,1,N/A
"July 8, 2018",Louisiana,Harvey,"Tallow Tree Ln and 21st St",0,1,N/A
"July 8, 2018",Iowa,"Des Moines","5452 NE 22nd St",0,2,N/A
"July 8, 2018",Iowa,Waterloo,"80 block of Ricker St",0,1,N/A
"July 7, 2018",Kansas,Wichita,"600th block of N Eisenhower St",0,1,N/A
"July 7, 2018",Kentucky,Shelbyville,N/A,0,1,N/A
"July 7, 2018","South Carolina","Myrtle Beach","107 S Ocean Blvd",0,1,N/A
"July 6, 2018",Ohio,Cleveland,"Nathaniel Rd and St Clair Ave",0,1,N/A
"July 5, 2018","New Mexico",Clovis,"Paseo Village",1,0,N/A
"July 5, 2018",Oklahoma,Tulsa,"5600 block of N Garrison Ct",0,1,N/A
"July 5, 2018",Texas,Killeen,"5300 block of Waterbank Lane",0,1,N/A
"July 4, 2018",Florida,Tampa,"10165 McKinley Dr",0,1,N/A
"July 4, 2018",Washington,Renton,"13800 171st Ave SE",0,1,N/A
"July 4, 2018",Tennessee,Morristown,"807 Cleveland Ave",0,1,N/A
"July 4, 2018",Florida,"Boynton Beach","100 block of NE 11th Ave",0,1,N/A
"July 4, 2018",Pennsylvania,Ephrata,"39 E Queen St",0,2,N/A
"July 4, 2018",Texas,Houston,"4200 San Jacinto St",0,1,N/A
"July 4, 2018",Connecticut,Hartford,"1620 Main St",0,1,N/A
"July 4, 2018",Idaho,"Idaho Falls",N/A,0,1,N/A
"July 4, 2018","South Carolina",Florence,"Kuker Street",0,2,N/A
"July 3, 2018",Georgia,Roswell,"1275 Upper Hembree Rd",1,1,N/A
"July 3, 2018",Colorado,"Colorado Springs","Nonchalant Cir N",0,1,N/A
"July 2, 2018",Illinois,Chicago,"7400 block of S Rockwell St",0,1,N/A
"July 2, 2018",Mississippi,Saucier,"Reese Dr and Rashelle St",0,1,N/A
"July 1, 2018",Wisconsin,Racine,N/A,0,1,N/A
"July 1, 2018",Utah,Tooele,"684 American Way",0,1,N/A
"July 1, 2018",Missouri,Columbia,N/A,0,1,N/A
"July 1, 2018","New York",Rochester,"Frost and Jefferson Aves",0,1,N/A
"July 1, 2018",Maine,Portland,"Cumberland Ave and Mayo St",0,2,N/A
"June 30, 2018",Tennessee,Nashville,N/A,0,1,N/A
"June 30, 2018",Tennessee,Nashville,"2100 Waterford Cir",0,1,N/A
"June 30, 2018",Virginia,Richmond,"300 block of E 9th St",0,1,N/A
"June 30, 2018",Ohio,Shadyside,"200 W 36th St",0,1,N/A
"June 29, 2018","North Carolina",Lumberton,"Panther Ln",0,1,N/A
"June 29, 2018",Texas,Bryan,"E 26th Dr",0,1,N/A
"June 29, 2018",Tennessee,Lexington,"547 W Church St",0,1,N/A
"June 28, 2018","South Carolina",Columbia,"6012 N Main St",0,1,N/A
"June 28, 2018",Wisconsin,Racine,"3300 block of Pierce Blvd",0,1,N/A
"June 28, 2018",Kansas,Salina,"8429 W Farrelly Rd",0,1,N/A
"June 27, 2018",Ohio,Columbus,"1131 Polaris Pkwy",0,2,N/A
"June 27, 2018",Missouri,"Saint Louis","3200 block of S Kingshighway Blvd",0,1,N/A
"June 26, 2018",Louisiana,Shreveport,"246 E 70th St",0,1,N/A
"June 26, 2018",Virginia,Stafford,"1300 Courthouse Rd",0,1,N/A
"June 26, 2018",Nevada,"Las Vegas","7900 block of Terrace Way",0,1,N/A
"June 26, 2018",Colorado,"Colorado Springs","3800 block of Surrey Ln",0,1,N/A
"June 24, 2018",Oklahoma,"Oklahoma City","2500 block of NW 41st St",0,1,N/A
"June 24, 2018",Connecticut,Waterbury,"27 Yale St",0,1,N/A
"June 24, 2018",Florida,Melbourne,"200 block of E University Blvd",0,1,N/A
"June 24, 2018",Nevada,"Las Vegas","1000 block of Naylor Ct",0,3,N/A
"June 23, 2018","South Carolina","Myrtle Beach","1155 Dick Pond Rd",0,1,N/A
"June 23, 2018",Wisconsin,Milwaukee,N/A,0,1,N/A
"June 23, 2018",Louisiana,"Port Barre",N/A,0,1,N/A
"June 23, 2018",Louisiana,Shreveport,"100 block of Flournoy Lucas Rd",0,1,N/A
"June 22, 2018",Idaho,Cataldo,"S Robinson Creek Rd",0,1,N/A
"June 22, 2018",Michigan,"Grand Rapids","Madison Ave SE and Dickinson St SE",0,1,N/A
"June 21, 2018","West Virginia","Charleston (Cross Lanes)","5400 block of Dalewood Dr",0,2,N/A
"June 21, 2018",Ohio,Toledo,"2301 Nebraska Ave",0,1,N/A
"June 21, 2018",Indiana,Gary,"10th Ave",0,1,N/A
"June 21, 2018",California,Fresno,"400 block of N Dearing Ave",0,1,N/A
"June 20, 2018","New York",Wurtsboro,"Lakeshore Dr",0,1,N/A
"June 19, 2018",Virginia,Henrico,"Glenside Dr & W Broad St",0,1,N/A
"June 19, 2018",Iowa,"Iowa City","Valley Avenue",0,1,N/A
"June 18, 2018",Illinois,"Mount Vernon","1100 block of S 24th St",0,1,N/A
"June 18, 2018",Ohio,Cleveland,"2710 block of Cedar Ave",0,1,N/A
"June 18, 2018",Pennsylvania,Harrisburg,"1803 Boas Street",0,1,N/A
"June 17, 2018",Vermont,Concord,"106 Woodward Rd",0,1,N/A
"June 17, 2018",Virginia,Vinton,"700 block of Pitt Ave",0,1,N/A
"June 17, 2018",Oregon,Foster,"Quartzville Rd",0,1,N/A
"June 17, 2018",Tennessee,Antioch,"Mt. View Road",0,1,N/A
"June 17, 2018",Tennessee,Knoxville,"7000 block of Hammer Rd",0,1,N/A
"June 17, 2018","North Dakota",Mayville,N/A,0,1,N/A
"June 16, 2018","New Hampshire",Litchfield,"200 block of Charles Bancroft Hwy",0,1,N/A
"June 16, 2018",Georgia,Athens,"285 Scandia Cir",0,1,N/A
"June 15, 2018",Colorado,"Steamboat Springs","Pine Grove Rd",0,1,N/A
"June 15, 2018",California,"Mammoth Lakes","Antelope Springs Rd",0,1,N/A
"June 15, 2018","District of Columbia",Washington,"801 G St SE",0,1,N/A
"June 15, 2018",Colorado,Loma,"1065 Old US Hwy 6 and 50",0,1,N/A
"June 14, 2018",Indiana,"North Vernon","400 block of N Elm St",0,1,N/A
"June 14, 2018","North Carolina",Raleigh,"121 E Tryon Road",0,1,N/A
"June 14, 2018",Oregon,Prineville,N/A,0,1,N/A
"June 14, 2018",Texas,Houston,"16613 Parkridge Court",0,1,N/A
"June 13, 2018",Colorado,"Colorado Springs","2500 block of Weston Road",0,1,N/A
"June 13, 2018",Virginia,Bluemont,"19844 Blue Ridge Mountain Rd",0,2,N/A
"June 12, 2018",Virginia,Henrico,"0 block of Craighill Rd",0,1,N/A
"June 12, 2018",Georgia,Dallas,"216 Recreation Dr",0,1,N/A
"June 12, 2018",Illinois,Chicago,"4700 block of W Cermak Rd",0,0,N/A
"June 12, 2018",Florida,"Cocoa (Port Saint John)","Rosebud St",0,1,N/A
"June 11, 2018",Pennsylvania,Columbia,"400 block of Walnut St",0,1,N/A
"June 10, 2018",Alabama,"Birmingham (Homewood)","900 block of Mansard Drive",0,1,N/A
"June 10, 2018",Idaho,Smelterville,"1700 Government Gulch Rd",0,1,N/A
"June 9, 2018",Tennessee,Harrogate,"Nevils St",0,1,N/A
"June 9, 2018",Texas,Roby,N/A,0,1,N/A
"June 9, 2018",Tennessee,Buchanan,"300 Eagle Creek Dr",0,1,N/A
"June 8, 2018",Florida,"Vero Beach","1707 16th St",0,1,N/A
"June 7, 2018",Wisconsin,"Union Grove","1400 West St",0,1,N/A
"June 7, 2018",Florida,Orlando,"S Orange Ave",0,1,N/A
"June 6, 2018",Kansas,Sawyer,"110275 SE 70th Avenue",0,1,N/A
"June 6, 2018",Kentucky,Campbellsville,"1409 S Columbia Ave",0,1,N/A
"June 6, 2018",Oklahoma,Lexington,N/A,0,1,N/A
"June 6, 2018",Georgia,Albany,"2719 Pointe N Blvd",0,1,N/A
"June 6, 2018",Ohio,Columbus,"4215 Clime Rd",0,1,N/A
"June 5, 2018","South Carolina",Greenville,"1500 block of Laurens Rd",0,1,N/A
"June 5, 2018",Washington,Everett,"17 W Casino Rd",0,1,N/A
"June 5, 2018",Texas,Borger,"TX 207 and Franklin St",1,1,N/A
"June 5, 2018",Massachusetts,Lynn,"48 Brimblecom St",0,1,N/A
"June 4, 2018",Mississippi,Brookhaven,"Henry Myers St",0,1,N/A
"June 4, 2018",Washington,Yakima,"6900 block of Ahtanum Rd",0,1,N/A
"June 4, 2018",Virginia,Richmond,"1600 block of Dena Dr",0,1,N/A
"June 4, 2018","South Carolina",Spartanburg,"Rice St",0,1,N/A
"June 4, 2018",Illinois,"Chicago Heights (Ford Heights)","1100 block of Drexel Ave",0,1,N/A
"June 4, 2018",Michigan,Flint,N/A,0,1,N/A
"June 3, 2018",Georgia,Brunswick,"Vernon Lewis Way",0,1,N/A
"June 3, 2018",California,"San Diego","C Street and Second Avenue",0,1,N/A
"June 2, 2018",Mississippi,Meridian,"2100 block of 43rd Ave",0,1,N/A
"June 2, 2018","South Carolina",Gaffney,"Oakland Ave",0,1,N/A
"June 2, 2018",Wisconsin,Racine,N/A,0,1,N/A
"June 2, 2018",Wisconsin,Racine,"2100 block of Yout St",0,1,N/A
"June 2, 2018",Illinois,Chicago,"700 block of W Garfield Blvd",0,1,N/A
"June 2, 2018",Pennsylvania,Fredericktown,"30 Fariview Ln",0,1,N/A
"June 2, 2018",Colorado,Denver,"2201 Lawrence St",0,1,N/A
"June 1, 2018",Georgia,Brunswick,"1000 block of Pennick Dr",0,1,N/A
"June 1, 2018",Louisiana,Plaquemine,"Sherburne St",0,1,N/A
"June 1, 2018",Louisiana,"New Orleans","400 block of S White St",0,1,N/A
"June 1, 2018",Oklahoma,Tulsa,"N Quaker Ave",0,1,N/A
"June 1, 2018",Louisiana,Opelousas,N/A,0,1,N/A
"May 31, 2018",Texas,"Corpus Christi","9600 block of Paula Dr",0,1,N/A
"May 31, 2018","North Carolina",Greenville,"3000 S Memorial Dr",0,1,N/A
"May 31, 2018",Indiana,"South Bend","500 block of Carroll St",0,1,N/A
"May 30, 2018",Massachusetts,Athol,"280 Exchange St",0,1,N/A
"May 30, 2018",Mississippi,Meridian,"200 N Hills St",0,1,N/A
"May 30, 2018","New York",Utica,"1115 St Vincent St",0,2,N/A
"May 29, 2018",Pennsylvania,Erie,"8180 Perry Hwy",0,1,N/A
"May 29, 2018",Indiana,"South Bend","1200 block of N Johnson St",0,1,N/A
"May 28, 2018",Alabama,Huntsville,"3609 Penny St SW",0,2,N/A
"May 28, 2018",Indiana,Howe,"1000 East 600 North",0,1,N/A
"May 28, 2018",Louisiana,Shreveport,"3700 block of Hardy St",0,0,N/A
"May 28, 2018",Ohio,Miamisburg,"10749 Innovation Dr",0,1,N/A
"May 28, 2018",Illinois,Chicago,"9900 block of S Peoria St",0,1,N/A
"May 28, 2018",Georgia,Smyrna,"2221 Corporate Plaza Pkwy SE",0,1,N/A
"May 27, 2018",Ohio,Cleveland,"W Saint Clair Ave and W 3rd St",0,1,N/A
"May 27, 2018",Illinois,Chicago,"5600 block of S Honore St",0,1,N/A
"May 26, 2018",Michigan,"Battle Creek","Harris St",0,1,N/A
"May 26, 2018",Louisiana,Thibodaux,"200 block of Main Project Rd",0,0,N/A
"May 26, 2018","South Carolina","Rock Hill","Simrill St",0,1,N/A
"May 26, 2018","West Virginia",Charleston,"1300 block of Stuart St",0,1,N/A
"May 26, 2018",Arizona,Phoenix,"E Ray Rd and S 48th St",0,2,N/A
"May 25, 2018",Tennessee,Memphis,"5054 Wooddale Avenue",0,1,N/A
"May 25, 2018",Texas,Waco,"1925 Ethel Ave",0,1,N/A
"May 25, 2018","New Hampshire",Manchester,"100 block of Taylor St",0,1,N/A
"May 25, 2018","North Carolina",Mooresville,"125 Morlake Dr",0,1,N/A
"May 25, 2018",Florida,Bradenton,"600 block of 64th Ave E",0,1,N/A
"May 25, 2018","South Carolina","Mc Bee (Mcbee)","Union Hill School Rd",0,1,N/A
"May 24, 2018",Ohio,Minford,"Warren Hill Rd",0,1,N/A
"May 24, 2018",Louisiana,Monroe,"1101 Richwood Rd",0,1,N/A
"May 24, 2018",Indiana,Indianapolis,"320 E Market St",0,1,N/A
"May 23, 2018",Maine,Bath,"100 Union St",0,1,N/A
"May 23, 2018",Maryland,Dundalk,"300 block of Pine St",0,1,N/A
"May 23, 2018",Georgia,Atlanta,"180 Southside Industrial Pkwy",0,1,N/A
"May 22, 2018",Washington,Pasco,"Rd 52 and Richardson Rd",0,1,N/A
"May 22, 2018",Oklahoma,Tulsa,"N Lewis Ave and E Apache St",0,1,N/A
"May 21, 2018",Alabama,Birmingham,"200 block of Tucker Ave",1,0,N/A
"May 21, 2018",Georgia,Griffin,"251 Birdie Rd",0,1,N/A
"May 20, 2018",Minnesota,Brainerd,"1400 block of Norwood St",0,1,N/A
"May 20, 2018",Iowa,"Council Bluffs","1400 block of 3rd Ave",0,1,N/A
"May 20, 2018",Ohio,Akron,"1200 block of Marcy St",0,1,N/A
"May 20, 2018",Texas,Houston,"10900 block of Telephone Rd",0,1,N/A
"May 20, 2018",Ohio,Warren,"971 Riverview Ave NW",0,1,N/A
"May 20, 2018",Alabama,Aliceville,"AL 17",0,1,N/A
"May 19, 2018",Tennessee,Parrottsville,"Long Creek Rd",0,1,N/A
"May 19, 2018",Ohio,Columbus,"1700 block of Lonsdale Rd",0,1,N/A
"May 19, 2018",California,"Scotts Valley","100 block of Mt Hernon Rd",0,1,N/A
"May 19, 2018",Louisiana,Shreveport,"3900 block of Velva St",0,1,N/A
"May 19, 2018",Alabama,Mobile,"900 block of Imperial Dr",0,2,N/A
"May 18, 2018",Tennessee,Nashville,"4700 Humber Dr",0,1,N/A
"May 18, 2018",Illinois,Chicago,"5700 block of S Union Ave",0,1,N/A
"May 17, 2018",Louisiana,Longville,"151 Longville Church Rd",0,1,N/A
"May 17, 2018",Oklahoma,Collinsville,"15100 block of E Garnett Rd",0,1,N/A
"May 17, 2018","North Carolina",Wilmington,"2406 Confederate Dr",0,1,N/A
"May 16, 2018",Wisconsin,Milwaukee,"N 91st ST and W Silver Spring Dr",0,1,N/A
"May 16, 2018",Louisiana,Slidell,"1001 Gause Blvd",0,1,N/A
"May 16, 2018",California,Vallejo,N/A,0,1,N/A
"May 16, 2018",Pennsylvania,Chambersburg,N/A,0,1,N/A
"May 15, 2018",Connecticut,Hartford,"753 Tower Ave",0,1,N/A
"May 15, 2018",Iowa,Stuart,"600 block of SW 7th St",0,1,N/A
"May 15, 2018",Indiana,Gary,"Indian Boundary and N Wells St",0,1,N/A
"May 15, 2018",Ohio,Miamisburg,"1100 block of Orchard Hill Dr",0,1,N/A
"May 13, 2018","South Carolina","North Myrtle Beach","501 Banyon Pl",0,1,N/A
"May 13, 2018",Missouri,"Kansas City","3800 block of S Benton Ave",0,1,N/A
"May 13, 2018",Wisconsin,Milwaukee,"N 84th St and W Fond Du Lac Ave",0,1,N/A
"May 13, 2018",Illinois,Chicago,"2800 block of 2800 S Ridgeway Ave",0,1,N/A
"May 12, 2018",Kentucky,"Coal Run",N/A,0,1,N/A
"May 12, 2018",Arkansas,"Little Rock","8900 block of Fourche Dam Pike",0,4,N/A
"May 12, 2018",Texas,Weatherford,"200 block of College Park Dr",0,1,N/A
"May 12, 2018",Idaho,"Latah (county)",N/A,0,1,N/A
"May 11, 2018",Missouri,"Ash Grove","4897 N Farm Rd 61",0,1,N/A
"May 11, 2018",Mississippi,Terry,"Kimbell Rd and Carroll Dr",0,1,N/A
"May 11, 2018",Illinois,Chicago,"6400 block of S Harvard Ave",0,1,N/A
"May 11, 2018",Wisconsin,Menasha,"600 block of Broad St",0,1,N/A
"May 11, 2018",Massachusetts,Lawrence,"Center St",0,1,N/A
"May 10, 2018",Iowa,"Fort Dodge","2230 9th Ave S",0,1,N/A
"May 10, 2018",Ohio,Akron,"Russell Ave and Oberlin St",0,1,N/A
"May 10, 2018",Pennsylvania,Philadelphia,"5800 block of Pine St",0,1,N/A
"May 9, 2018",Texas,Houston,"3230 W Little York Rd",1,1,N/A
"May 9, 2018",Georgia,Macon,"3401 Houston Ave",0,2,N/A
"May 9, 2018",California,Bakersfield,"2306 Brundage Ln",0,2,N/A
"May 9, 2018",Florida,"Boynton Beach","Miner Rd",0,1,N/A
"May 8, 2018",Michigan,Detroit,"5900 block of Marcus St",0,1,N/A
"May 8, 2018",Louisiana,Shreveport,"1500 block of Line Ave",0,1,N/A
"May 6, 2018",Texas,"Fort Worth","5000 block of Bomford Drive",0,1,N/A
"May 6, 2018",California,"Twentynine Palms (Twentynine Palms Mcb)","5th st",0,2,N/A
"May 6, 2018",Virginia,Norfolk,"1320 Colonial Ave",0,1,N/A
"May 5, 2018",Virginia,Fredericksburg,"2352 Cowan Blvd",0,1,N/A
"May 5, 2018",Arizona,Phoenix,"4044 W Black Canyon Blvd",0,1,N/A
"May 5, 2018",Ohio,Wakeman,"8000 block of OH-60",0,1,N/A
"May 5, 2018",Florida,"Lake Worth","Cambridge Dr",0,2,N/A
"May 5, 2018","District of Columbia",Washington,"1100 block of 4th St SW",0,1,N/A
"May 5, 2018",Washington,Tacoma,"2600 Block of N McCarver St",0,1,N/A
"May 5, 2018",Idaho,Deary,N/A,0,1,N/A
"May 4, 2018",California,Fresno,"W Simpson Ave and N Delno Ave",0,2,N/A
"May 4, 2018",Illinois,Sparta,"506 West Belmont Street",0,2,N/A
"May 4, 2018",Mississippi,Meridian,"2015 Mosby Rd",0,1,N/A
"May 4, 2018",Ohio,Franklin,"202 Baxter Dr",0,1,N/A
"May 2, 2018",Illinois,Chicago,"2200 block of W Maypole Ave",0,1,N/A
"May 2, 2018",Ohio,Blanchester,"138 Orchard View La",0,1,N/A
"May 1, 2018",Massachusetts,"South Hadley","Ferry St",0,1,N/A
"May 1, 2018",California,Compton,"301 S Willowbrook Ave",0,1,N/A
"May 1, 2018",Texas,"Corpus Christi","204 Blevins Street",1,1,N/A
"May 1, 2018","North Carolina",Charlotte,"Old Pineville Road",0,1,N/A
"April 30, 2018",Florida,Jacksonville,"W 71st St and Vermillion St",0,1,N/A
"April 30, 2018",Florida,"Miami Beach","5401 Collins Ave",0,1,N/A
"April 29, 2018",California,"Morgan Hill","100 Cochrane Rd",0,1,N/A
"April 29, 2018",Pennsylvania,York,"142 S George St",0,1,N/A
"April 29, 2018",Indiana,"Monroe (county)",N/A,0,2,N/A
"April 29, 2018",Florida,Jacksonville,"Playschool Ln",0,1,N/A
"April 28, 2018",Illinois,Barrington,"27000 block of W Highland Rd",0,1,N/A
"April 28, 2018","South Carolina",Bluffton,"Buck Island Rd",0,1,N/A
"April 28, 2018",Kentucky,Paris,N/A,0,1,N/A
"April 27, 2018",Maryland,Baltimore,"300 block of Herring Ct",0,1,N/A
"April 27, 2018","North Carolina",Lumberton,N/A,0,1,N/A
"April 27, 2018",Illinois,Chicago,"4800 block of W Hirsch St",0,1,N/A
"April 27, 2018","North Carolina",Lumberton,"Pearl St",0,1,N/A
"April 27, 2018",Florida,"Big Pine Key","38801 Overseas Hwy",0,1,N/A
"April 26, 2018","New Mexico",Carlsbad,"100 block of Third St",0,1,N/A
"April 26, 2018",Iowa,Westgate,N/A,0,1,N/A
"April 26, 2018","North Carolina",Kinston,"200 block of E Daniels St",0,1,N/A
"April 25, 2018",Illinois,Chicago,"5900 block of S Justine St",0,1,N/A
"April 25, 2018",Florida,"Winter Garden","2300 block of Aurelius Dr",0,1,N/A
"April 25, 2018",Michigan,"South Haven","6700 block of 103rd Ave",0,1,N/A
"April 24, 2018",Kansas,Hutchinson,"1701 E 95th St",0,1,N/A
"April 24, 2018",Louisiana,"Baton Rouge","1700 block of Marque Ann Dr",0,1,N/A
"April 22, 2018",Pennsylvania,Lancaster,"2488 Willow Street Pike",0,1,N/A
"April 22, 2018",Ohio,Mansfield,"W Prospect St and Lexington Ave",0,1,N/A
"April 22, 2018",Alaska,Anchorage,"8800 block of McClellan Cir",0,1,N/A
"April 22, 2018",Georgia,Columbus,"1000 Wynnton Rd",0,1,N/A
"April 22, 2018",Kansas,"Overland Park","7650 Goddard St",0,1,N/A
"April 22, 2018",Florida,Ocala,"1240 SE Highway 484",0,3,N/A
"April 21, 2018",Tennessee,Afton,"415 Rock Quarry Rd",0,1,N/A
"April 21, 2018",Virginia,Williamsburg,"Ware Creek Rd",0,1,N/A
"April 19, 2018",Tennessee,Memphis,"3347 Dawn Dr",0,1,N/A
"April 19, 2018","North Carolina",Kinston,"E Daniels St",0,1,N/A
"April 19, 2018",Illinois,Chicago,"3600 block of N Claremont Ave",0,1,N/A
"April 19, 2018",Michigan,Marshall,"15975 Michigan Ave",0,1,N/A
"April 18, 2018",Maine,Greene,"Park Ln",0,1,N/A
"April 18, 2018","South Carolina",Chesnee,"Kirk Dr",0,1,N/A
"April 18, 2018",Mississippi,Jackson,"800 block of Fairfax Circle",0,1,N/A
"April 17, 2018",Indiana,Merrillville,"359 E 81st Ave",0,1,N/A
"April 17, 2018",Arkansas,Jonesboro,"3000 block of County Road 745",0,1,N/A
"April 17, 2018",Michigan,Detroit,"Evergreen Rd and W 7 Mile Rd",0,1,N/A
"April 16, 2018",Mississippi,Natchez,"Government Fleet Road and Irving Lane",0,1,N/A
"April 16, 2018",Kansas,Wichita,"800 block of N Battin St",0,1,N/A
"April 16, 2018",Nevada,Reno,"N Arlington Ave and W 5th St",0,1,N/A
"April 15, 2018",Indiana,"Fort Wayne","2700 block of Chestnut St",1,1,N/A
"April 15, 2018",Alabama,Montgomery,"3100 block of Milan Drive",0,1,N/A
"April 15, 2018",Alabama,Mobile,N/A,0,1,N/A
"April 15, 2018",Nebraska,Lincoln,"N 86th St and Sunridge Rd",0,1,N/A
"April 15, 2018","South Carolina","Myrtle Beach","711 Frontage Rd",0,1,N/A
"April 14, 2018",Pennsylvania,Philadelphia,"5800 block of Woodbine Ave",1,0,N/A
"April 14, 2018",Massachusetts,Palmer,"311 River St",1,1,N/A
"April 14, 2018",Missouri,Columbia,"1400 block of Bass Ave",0,1,N/A
"April 14, 2018",Illinois,Chicago,"2600 block of N Bosworth Ave",0,1,N/A
"April 14, 2018",Virginia,Fredericksburg,"5319 Jefferson Davis Hwy",0,1,N/A
"April 13, 2018",Florida,"Cape Coral","1122 Del Prado Blvd S",1,0,N/A
"April 13, 2018",California,Fairfield,"4400 block of Central Pl",0,0,N/A
"April 13, 2018",Tennessee,Cookeville,"1977 Bouton Bend",0,2,N/A
"April 13, 2018",Wisconsin,Milwaukee,"W Hadley St and N 39th St",0,1,N/A
"April 12, 2018",Indiana,"South Bend","425 S 25th St",0,1,N/A
"April 12, 2018",Ohio,Heath,"1000 block of Conn Way Dr",1,1,N/A
"April 12, 2018",Florida,Melbourne,"W New Haven Ave",0,1,N/A
"April 12, 2018",Florida,"Bay (county)",N/A,0,1,N/A
"April 12, 2018",Tennessee,Butler,"Rye Branch Rd",0,1,N/A
"April 11, 2018",Utah,"Salt Lake City (West Valley City)","4065 S Redwood Rd",0,4,N/A
"April 11, 2018","South Carolina",Summerville,"1225 Boonehill Rd",0,1,N/A
"April 11, 2018","North Carolina",Greensboro,"500 block of Yanceyville St",0,1,N/A
"April 10, 2018",Ohio,"Tipp City","S Co Rd 25A and Commerce Park Dr",0,1,N/A
"April 10, 2018",Texas,"San Antonio","11300 block of Roszell St",0,1,N/A
"April 10, 2018","New York",Syracuse,"6609 Thompson Rd",0,1,N/A
"April 9, 2018",Texas,Stephenville,"N Dale St",0,0,N/A
"April 9, 2018",Ohio,Youngstown,"Hunter Ave",0,1,N/A
"April 9, 2018",Florida,"North Port","6207 W Price Blvd",0,1,N/A
"April 8, 2018",Maryland,Frederick,"55800 block of Rivendell Pl",0,1,N/A
"April 7, 2018",Illinois,Chicago,"900 block of W Sheridan Rd",0,1,N/A
"April 7, 2018",Maryland,Lothian,"5380 Sands Rd",0,1,N/A
"April 7, 2018","South Carolina","Rock Hill","2625 Cherry Rd",0,1,N/A
"April 7, 2018",Nebraska,Omaha,"S 122nd St and W St",0,1,N/A
"April 7, 2018",Washington,Morton,"800 block of Davis Lake Rd",0,1,N/A
"April 6, 2018","District of Columbia",Washington,"707 7th St NW",0,1,N/A
"April 6, 2018",Alaska,Juneau,N/A,0,1,N/A
"April 5, 2018",California,Hemet,"2800 block of Rafferty Rd",0,1,N/A
"April 5, 2018",Maryland,Baltimore,"3400 block of Hilldale Pl",1,1,N/A
"April 5, 2018",Alabama,Leeds,"6200 Grand River Pkwy",0,1,N/A
"April 4, 2018","New Jersey","Hope (Knowlton Township)",N/A,0,1,N/A
"April 4, 2018",Ohio,Elyria,"800 block of Lorain Blvd",0,1,N/A
"April 4, 2018","West Virginia",Shepherdstown,"Hensel Dr",0,1,N/A
"April 3, 2018",Kentucky,"Bell (county)",N/A,0,1,N/A
"April 3, 2018",Washington,Spokane,"6900 block of E 2nd Ave",0,1,N/A
"April 2, 2018",Alabama,Mobile,"Heron Drive",0,1,N/A
"April 2, 2018",Illinois,Lansing,"17700 block of Rosewood Dr",0,1,N/A
"April 1, 2018",Louisiana,Eunice,N/A,0,1,N/A
"April 1, 2018",Tennessee,Goodlettsville,"I 65 North and Long Hollow Pike",0,1,N/A
"April 1, 2018",Pennsylvania,Philadelphia,"2100 block of S Alden St",0,1,N/A
"April 1, 2018",Texas,Houston,"5203 Almeda Rd",0,1,N/A
"March 31, 2018",Virginia,Richmond,"Hull St and Shelby Dr",0,2,N/A
"March 31, 2018","New York",Rochester,"Stony Point Rd",0,1,N/A
"March 31, 2018",Alaska,Juneau,"400 block of Harris St",0,1,N/A
"March 31, 2018","South Dakota",Aberdeen,"1600 Block of Melody Lane",0,2,N/A
"March 30, 2018",California,"Montgomery Creek","Hwy 299 and Big Bend Rd",0,1,N/A
"March 30, 2018",California,"Santa Rosa","Range Ave",0,1,N/A
"March 29, 2018","North Carolina",Reidsville,"Ware St and Bessemer St",0,1,N/A
"March 29, 2018",Texas,Killeen,"1107 S Ft Hood St",0,1,N/A
"March 29, 2018",Florida,Ocala,"3351 S Pine Ave",0,1,N/A
"March 28, 2018",Nevada,"Las Vegas","3850 S Las Vegas Blvd",0,1,N/A
"March 27, 2018","South Carolina",Clio,"Woods Ave",0,1,N/A
"March 27, 2018","New Jersey",Keasbey,"19 Crows Mill Rd",0,1,N/A
"March 26, 2018","North Carolina",Salisbury,"1000 block of Rowan Cir",0,1,N/A
"March 26, 2018","New York","Fort Drum","10000 10th Mountain Division Dr",0,1,N/A
"March 26, 2018",Alabama,Huntsville,"6125 University Dr",0,1,N/A
"March 26, 2018",Texas,Lubbock,"4900 block of 39th St",0,1,N/A
"March 26, 2018",Florida,Lakeland,"3195 U.S. 98 North",0,1,N/A
"March 25, 2018",Indiana,"South Bend","19400 block of Auten Rd",0,1,N/A
"March 25, 2018",Alabama,Tuscaloosa,"3200 block of 23rd St",0,1,N/A
"March 25, 2018",Connecticut,"New Haven","Ellsworth Ave",0,1,N/A
"March 24, 2018",Michigan,Macomb,"21555 21 Mile Rd",0,1,N/A
"March 24, 2018",Colorado,"Grand Junction","Bookcliff Ave and N 25th St",0,2,N/A
"March 24, 2018",Pennsylvania,"Easton (Forks Township)","800 block of South Fork Dr",0,1,N/A
"March 24, 2018",Michigan,Midland,"E Carpenter St",0,1,N/A
"March 24, 2018",Louisiana,Jennings,"2074 Jeff Davis Academy Rd",0,1,N/A
"March 24, 2018",Michigan,Detroit,"Appoline St and Fenkell Ave",0,1,N/A
"March 24, 2018",Wisconsin,Cameron,"1014 S 1st St",0,1,N/A
"March 23, 2018",Ohio,Dayton,"2800 block of E 3rd St",0,1,N/A
"March 23, 2018",Connecticut,Stamford,"1 Harbor Point",0,1,N/A
"March 22, 2018",Texas,Temple,"306 S 25th St",0,1,N/A
"March 22, 2018",Indiana,"Fort Wayne","1410 Spy Run Ave",0,1,N/A
"March 22, 2018",Texas,"Fort Worth","511 W Felix St",0,1,N/A
"March 22, 2018",Texas,"Diboll (Burke)","7000 block of US 59",0,1,N/A
"March 22, 2018",Mississippi,Oxford,"142 County Road 104",0,1,N/A
"March 22, 2018",Indiana,"Fort Wayne","500 E Sherwood Terr",0,1,N/A
"March 21, 2018",Georgia,Hull,"Maplewood Ln",0,1,N/A
"March 21, 2018",California,"Salinas (Prunedale)","Echo Valley Rd",0,1,N/A
"March 21, 2018",Florida,Greenacres,"5100 block of Crescent Moon Dr",0,1,N/A
"March 21, 2018",Michigan,Warren,"13303 Charlotte Ave",0,1,N/A
"March 21, 2018",Montana,"Hungry Horse",N/A,0,1,N/A
"March 20, 2018",Pennsylvania,Youngsville,"Homestead Dr",0,1,N/A
"March 20, 2018",Nebraska,Omaha,"L St and S 60th St",0,1,N/A
"March 19, 2018",Kansas,Lawrence,"768 E 661 Diagonal Rd",0,1,N/A
"March 19, 2018",Michigan,"Battle Creek",I-94,0,1,N/A
"March 18, 2018",Wisconsin,Sparta,"Williams Ln",0,1,N/A
"March 18, 2018",California,Tracy,"3511 N Tracy Blvd",0,1,N/A
"March 17, 2018","West Virginia",Martinsburg,"Albert St",0,1,N/A
"March 17, 2018",Illinois,Chicago,"5800 block of S Shields Ave",0,1,N/A
"March 17, 2018",Utah,Sandy,"9575 State St",0,2,N/A
"March 17, 2018",Illinois,Oreana,"200 block of S View St",0,2,N/A
"March 17, 2018",Kansas,Lawrence,"1400 block of Westbrooke St",0,1,N/A
"March 17, 2018",Arizona,Payson,"910 S Beeline Hwy",0,1,N/A
"March 15, 2018",Alabama,Warrior,"2400 block of Elvester Rd",1,1,N/A
"March 15, 2018",Virginia,Hampton,"Sloop Ct and Cunningham Dr",0,1,N/A
"March 13, 2018",Ohio,Cincinnati,"200 block of Strader Avenue",0,1,N/A
"March 13, 2018",California,Seaside,"2200 Noche Buena St",0,1,N/A
"March 13, 2018",Florida,"Vero Beach",N/A,0,1,N/A
"March 12, 2018",Texas,Beaumont,"1300 block of Loop Rd",0,1,N/A
"March 12, 2018",Alabama,Huntsville,"2120 Sparkman Dr NW",1,1,N/A
"March 12, 2018",Mississippi,Edwards,"4553 MS 467",0,1,N/A
"March 11, 2018",Florida,Wimauma,"3200 block of Saffold Road",0,1,N/A
"March 11, 2018",Pennsylvania,Lancaster,"1081 N Plum St",0,1,N/A
"March 10, 2018",Alabama,Ozark,"King Ave",0,2,N/A
"March 10, 2018",Illinois,Chicago,"3200 block of W Fulton Blvd",0,1,N/A
"March 9, 2018","North Carolina",Fayetteville,"848 Tamarack Dr",0,1,N/A