Incident Date,State,City Or County,# Incidents
May,Maryland,Dundalk,1.0
March,California,Seaside,1.0
August,New York,Glen Cove,1.0
April,Florida,Melbourne,1.0
July,Virginia,Portsmouth,1.0
October,Tennessee,Nashville,1.0
November,New Hampshire,Exeter (Brentwood),1.0
May,Virginia,Louisa,1.0
June,Ohio,Dayton,1.0
May,Pennsylvania,Philadelphia,1.0
July,Texas,San Antonio,1.0
June,Arkansas,Flippin,1.0
April,New Jersey,Hope (Knowlton Township),1.0
May,Texas,Jefferson,2.0
April,Virginia,Roanoke,1.0
June,Idaho,Cataldo,1.0
April,West Virginia,Shepherdstown,1.0
March,Connecticut,New Haven,1.0
July,Illinois,Chicago (Englewood),1.0
November,Tennessee,Memphis (Hickory Hill),1.0
April,Pennsylvania,Philadelphia,1.0
April,Illinois,Lansing,1.0
May,Georgia,Albany,1.0
July,Oklahoma,Oklahoma City,1.0
April,District of Columbia,Washington,1.0
July,Missouri,Saint Louis,1.0
July,Virginia,Alexandria,1.0
April,Ohio,Youngstown,1.0
April,North Carolina,Greensboro,1.0
June,Florida,Melbourne,1.0
May,California,Compton,1.0
June,Washington,Everett,1.0
July,Texas,Houston,1.0
April,Ohio,Elyria,1.0
June,Michigan,Clinton,1.0
April,Florida,Winter Garden,1.0
July,Kentucky,Richmond,1.0
May,West Virginia,Huntington,1.0
September,Georgia,Augusta,1.0
October,Tennessee,Clarksville,1.0
May,Oklahoma,Tulsa,1.0
May,Texas,Rockwall,1.0
August,South Carolina,Cordova,1.0
June,New York,Bronx,1.0
July,Connecticut,Hartford,1.0
March,South Dakota,Aberdeen,2.0
June,West Virginia,Charleston (Cross Lanes),2.0
October,Alabama,Cullman,1.0
May,Ohio,Cleveland,1.0
April,New York,Syracuse,1.0
October,Georgia,Atlanta,1.0
November,Alabama,Adger,1.0
June,Georgia,Savannah,1.0
May,Tennessee,Memphis,1.0
July,Virginia,Roanoke (Hollins),1.0
June,Louisiana,Oakdale,1.0
September,Tennessee,Springfield,1.0
October,Oklahoma,Wynnewood,1.0
May,Tennessee,Parrottsville,1.0
October,Georgia,Augusta,1.0
June,North Carolina,Lumberton,1.0
March,Illinois,Oreana,2.0
April,South Carolina,Summerville,1.0
July,Colorado,Colorado Springs,1.0
March,Texas,Beaumont,1.0
July,Kentucky,Louisville,1.0
November,Ohio,Republic,1.0
December,California,Ontario,1.0
August,Alabama,Birmingham,1.0
January,Ohio,Akron,1.0
January,South Carolina,Rock Hill,1.0
April,Texas,San Antonio,1.0
March,California,Salinas (Prunedale),1.0
August,Indiana,South Bend,1.0
June,Kansas,Salina,1.0
April,Tennessee,Goodlettsville,1.0
December,Florida,Fort Lauderdale (Sunrise),1.0
December,Texas,Houston,1.0
July,Texas,Humble (Atascocita),1.0
October,New York,New York (Manhattan),2.0
April,Tennessee,Memphis,1.0
July,Kansas,Wichita,1.0
June,North Carolina,Taylorsville,1.0
August,Indiana,Monticello,1.0
June,New York,Wurtsboro,1.0
July,North Carolina,Marion,1.0
January,Texas,Houston,1.0
October,Washington,Kelso,1.0
May,Nevada,Las Vegas,1.0
May,Tennessee,Nashville,1.0
September,California,Oakland,1.0
April,California,Morgan Hill,1.0
March,Texas,Bandera,1.0
August,Texas,El Paso,1.0
June,South Carolina,Greenville,1.0
March,Washington,Tacoma,1.0
March,North Carolina,Reidsville,1.0
July,South Carolina,Florence,2.0
April,Michigan,Benton Harbor,1.0
April,Illinois,Chicago,1.0
November,Illinois,Delavan,1.0
July,Iowa,Des Moines,2.0
June,Massachusetts,Dighton,1.0
May,Kentucky,Coal Run,1.0
June,North Carolina,Haw River,1.0
September,Colorado,Grand Junction,1.0
September,South Carolina,Columbia,2.0
March,New Jersey,Keasbey,1.0
June,Texas,Roby,1.0
July,Florida,Boynton Beach,1.0
August,Maine,Scarborough,1.0
June,Florida,Orlando,1.0
June,Pennsylvania,Washington,1.0
April,Maryland,Baltimore,2.0
May,Arkansas,West Helena,1.0
December,Texas,Deer Park,1.0
August,New Hampshire,Manchester,1.0
June,Indiana,Indianapolis,1.0
April,Nevada,Reno,1.0
June,Washington,Yakima,1.0
August,Tennessee,La Follette (LaFollette),1.0
June,Oregon,Prineville,1.0
June,Kentucky,Elizabethtown,1.0
March,Virginia,Richmond,2.0
March,Arizona,Payson,1.0
April,Louisiana,Eunice,1.0
December,Illinois,Wilmington,1.0
August,Iowa,Des Moines,1.0
May,Arizona,Phoenix,1.0
November,Louisiana,Moreauville,1.0
March,Alabama,Warrior,2.0
March,California,Oroville,1.0
July,Georgia,Lindale,2.0
September,Mississippi,Horn Lake,1.0
April,Alabama,Montgomery,1.0
August,West Virginia,Grafton,1.0
September,Missouri,Salem,1.0
July,Oregon,Rocky Point,1.0
October,South Carolina,Bowman,1.0
August,Kentucky,Covington,1.0
January,Alabama,Athens,1.0
December,South Carolina,Inman,1.0
May,Oklahoma,Collinsville,1.0
October,Utah,Santaquin,1.0
August,Alabama,Winston (county),1.0
June,Louisiana,Plaquemine,1.0
May,Pennsylvania,New Bloomfield,1.0
March,West Virginia,Martinsburg,1.0
August,Mississippi,Cleveland,1.0
July,Mississippi,Greenville,1.0
March,Nebraska,Omaha,1.0
December,Alabama,Brierfield,1.0
August,Ohio,Barberton,1.0
May,District of Columbia,Washington,1.0
July,Michigan,Coldwater,1.0
July,Florida,Lake Wales,2.0
April,Ohio,Heath,2.0
June,Georgia,Albany,1.0
August,Louisiana,West Monroe,1.0
June,Virginia,Bluemont,2.0
June,Mississippi,Monticello,1.0
June,Texas,Bryan,1.0
May,Maine,Bath,1.0
April,Mississippi,Natchez,1.0
September,Florida,Port Charlotte,1.0
July,Texas,Conroe,1.0
May,Utah,Salt Lake City (West Valley City),1.0
December,Texas,Plantersville (Todd Mission),1.0
January,California,Thousand Palms,1.0
August,Alaska,Togiak,1.0
February,North Carolina,Taylorsville,1.0
November,Louisiana,Plaquemine,1.0
June,Louisiana,Opelousas,1.0
January,South Dakota,Watertown,1.0
May,Washington,Federal Way,1.0
May,Massachusetts,Lawrence,1.0
June,Alabama,Birmingham (Homewood),1.0
September,Missouri,Saint Louis,1.0
June,Tennessee,Knoxville,1.0
March,California,Montgomery Creek,1.0
August,Ohio,Lancaster,1.0
September,Florida,Tampa,1.0
October,Arkansas,Altheimer,1.0
April,Ohio,Mansfield,1.0
March,Ohio,Cincinnati,1.0
August,Kentucky,Corbin,1.0
May,Wisconsin,Appleton,2.0
August,Ohio,Caldwell,1.0
March,Montana,Hungry Horse,1.0
June,Georgia,Macon,1.0
May,Virginia,Richmond,1.0
August,Wisconsin,Loganville,1.0
March,Ohio,Dayton,1.0
January,Mississippi,Bay Saint Louis,1.0
December,Utah,Roosevelt (Ballard),1.0
March,Colorado,Grand Junction,2.0
April,Maryland,Lothian,1.0
August,Texas,San Antonio,1.0
July,Maine,Portland,2.0
April,North Carolina,Lumberton,1.0
November,Virginia,Williamsburg,1.0
July,South Carolina,Columbia,1.0
October,Indiana,Muncie,1.0
July,Tennessee,Woodbury,1.0
May,Louisiana,Baton Rouge,1.0
May,Florida,Bradenton,1.0
July,Virginia,Chesapeake,1.0
October,Florida,Orlando,1.0
July,South Dakota,Sioux Falls,1.0
September,Mississippi,De Kalb,1.0
May,New York,Utica,2.0
August,Washington,Seattle (Burien),1.0
May,Ohio,Columbus,1.0
February,South Carolina,Sumter,1.0
June,Wisconsin,Racine,1.0
July,North Carolina,Charlotte,1.0
February,Florida,Myakka City,1.0
June,South Dakota,Keystone,1.0
August,Washington,Spokane,1.0
August,Pennsylvania,East Stroudsburg,1.0
April,Florida,Miami Beach,1.0
May,Mississippi,Meridian,1.0
April,Maryland,Rawlings,1.0
October,South Carolina,West Columbia,1.0
May,Illinois,Chicago,1.0
October,Pennsylvania,Bangor,1.0
May,Florida,Boynton Beach,1.0
July,Louisiana,Chalmette,1.0
June,Indiana,Gary,1.0
April,Wisconsin,Milwaukee,1.0
July,Texas,Tomball,1.0
May,Georgia,Atlanta,1.0
June,Indiana,North Vernon,1.0
September,Texas,Haltom City,1.0
July,Mississippi,Corinth,1.0
October,Georgia,Forest Park,1.0
August,New York,Syracuse,1.0
March,Florida,Greenacres,1.0
August,North Carolina,Forest City,2.0
May,Ohio,Blanchester,1.0
May,Nebraska,Taylor,1.0
August,Arizona,Queen Creek,1.0
March,Alabama,Huntsville,2.0
September,New York,Yonkers,1.0
November,Missouri,Columbia,1.0
October,Indiana,Indianapolis,1.0
July,Kentucky,Berea,1.0
June,California,Mammoth Lakes,1.0
November,Indiana,Elizabeth,1.0
July,Indiana,Anderson,1.0
June,Colorado,Denver,1.0
July,West Virginia,Princeton,1.0
May,Kansas,Wichita,1.0
April,Kentucky,Paris,1.0
March,Michigan,Battle Creek,1.0
March,Michigan,Macomb,1.0
May,Louisiana,Shreveport,1.0
December,Alabama,Cullman,1.0
July,Texas,Premont,1.0
April,Kentucky,Bell (county),1.0
July,Texas,Killeen,1.0
September,Texas,Cleveland (Plum Grove),1.0
June,New Hampshire,Litchfield,1.0
March,Indiana,South Bend,1.0
August,Kansas,Kinsley,1.0
April,California,Hemet,1.0
June,Wisconsin,Union Grove,1.0
March,Georgia,Brunswick,1.0
August,Tennessee,Pigeon Forge,1.0
May,Alabama,Mobile,2.0
July,Mississippi,Saucier,1.0
November,West Virginia,New Martinsville,1.0
August,California,Carlsbad,3.0
June,Colorado,Colorado Springs,1.0
October,Nebraska,Omaha,1.0
June,South Dakota,Tripp (county),1.0
July,Florida,Tampa,1.0
June,Oregon,Foster,1.0
July,Wisconsin,Waupaca,1.0
July,Tennessee,Ashland City,1.0
May,Indiana,Indianapolis,1.0
May,Michigan,Six Lakes,1.0
June,Virginia,Richmond,1.0
December,Arizona,Glendale,1.0
July,Texas,Mcallen,1.0
June,North Carolina,Raleigh,1.0
July,Ohio,Cleveland,1.0
July,Florida,Merritt Island,1.0
September,South Carolina,Starr,1.0
October,Mississippi,Columbus,1.0
October,Maryland,Glenn Dale,1.0
November,Texas,Concepcion,1.0
January,Indiana,Campbellsburg,1.0
May,Alabama,Huntsville,2.0
May,Kansas,Topeka,1.0
April,South Carolina,Chesnee,1.0
July,Tennessee,Murfreesboro,1.0
July,Vermont,Wells River,1.0
June,Pennsylvania,Red Lion,1.0
September,Kansas,Lawrence,1.0
November,Georgia,Jefferson,1.0
October,South Carolina,Warrenville,1.0
May,Ohio,Miamisburg,1.0
March,Texas,El Paso,1.0
July,Missouri,Miller,1.0
October,North Carolina,Elizabeth City,1.0
May,Virginia,Norfolk,1.0
March,Louisiana,Jennings,1.0
May,Missouri,Kansas City,1.0
February,Colorado,Westminster,1.0
August,Louisiana,Baton Rouge,1.0
May,Virginia,Roanoke,1.0
July,Maine,Ellsworth,1.0
August,Tennessee,Big Rock,1.0
July,Virginia,Lynchburg,1.0
May,Louisiana,New Orleans,1.0
April,Washington,Spokane,1.0
June,Idaho,Smelterville,1.0
August,North Dakota,Williston,1.0
June,District of Columbia,Washington,1.0
May,Texas,Corpus Christi,2.0
June,Alabama,Montgomery,1.0
April,Tennessee,Cookeville,2.0
February,Alabama,Moulton,1.0
June,South Carolina,Columbia,1.0
June,Vermont,Concord,1.0
February,New York,Syracuse,1.0
April,Michigan,Charlevoix,1.0
March,Louisiana,Lake Providence,1.0
August,New Jersey,Fair Lawn,2.0
May,California,Pacoima (Arleta),1.0
October,Illinois,Decatur,1.0
May,Idaho,Deary,1.0
July,Georgia,Newnan,1.0
October,Mississippi,Falkner,1.0
May,Washington,Tacoma,1.0
July,Georgia,Columbus,1.0
June,Georgia,Dallas,1.0
October,Oklahoma,Tulsa,1.0
March,Texas,Houston,1.0
June,Georgia,Athens,1.0
March,South Carolina,Seneca,1.0
May,California,Bakersfield,2.0
May,Alabama,Aliceville,1.0
May,Texas,Fort Worth,1.0
May,South Carolina,Sumter,1.0
June,Tennessee,Arlington,1.0
June,California,Pacifica,1.0
May,Alabama,Dothan,1.0
May,Virginia,Fredericksburg,1.0
August,Ohio,Columbus,1.0
June,Indiana,Hobart,1.0
May,South Carolina,Mc Bee (Mcbee),1.0
March,Indiana,Fort Wayne,1.0
June,Massachusetts,Lynn,1.0
May,Connecticut,Hartford,1.0
April,Virginia,Williamsburg,1.0
May,Iowa,Des Moines,1.0
May,Idaho,Latah (county),1.0
November,Nevada,West Wendover,1.0
July,Oregon,Umatilla,1.0
July,Colorado,Fort Collins,1.0
June,Florida,Cocoa (Port Saint John),1.0
May,Mississippi,Terry,1.0
October,Kentucky,Nicholasville,1.0
April,Texas,Houston,1.0
September,Texas,Tornillo,1.0
January,Nebraska,Genoa,1.0
July,California,Long Beach,1.0
January,Oregon,Sherwood,1.0
March,California,Santa Rosa,1.0
March,Maryland,Edgewood,1.0
March,Florida,Vero Beach,1.0
December,New York,Guilford,1.0
August,Idaho,Nampa,1.0
July,Tennessee,Morristown,1.0
June,Minnesota,Halstad,1.0
June,Pennsylvania,Columbia,1.0
February,Arkansas,El Dorado,1.0
June,Michigan,Flint,1.0
June,Illinois,Chicago Heights (Ford Heights),1.0
June,Florida,Palm Bay,1.0
October,Maine,Hebron,1.0
April,Florida,North Port,1.0
April,Michigan,Detroit,1.0
October,Pennsylvania,Berwick,1.0
July,South Carolina,Lancaster,1.0
June,Wisconsin,Madison,1.0
June,Louisiana,Port Barre,1.0
June,South Carolina,Gaffney,1.0
March,Nevada,Las Vegas,1.0
April,Maine,Greene,1.0
January,Tennessee,Knoxville,1.0
May,Arkansas,Little Rock,4.0
October,Michigan,Detroit,1.0
June,Colorado,Loma,1.0
March,Alaska,Barrow (Utqiagvik),1.0
November,Texas,Kountze,1.0
November,Minnesota,Aurora,1.0
February,Mississippi,Gulfport,1.0
June,Missouri,Saint Louis,1.0
July,Florida,Eustis,1.0
March,Texas,Diboll (Burke),1.0
April,Massachusetts,Palmer,2.0
April,Indiana,Bedford,1.0
August,Delaware,Wilmington,1.0
June,Louisiana,New Orleans,1.0
July,Missouri,Columbia,1.0
June,South Carolina,Anderson,1.0
September,Ohio,Cleveland (Parma),1.0
May,Washington,Cle Elum,1.0
July,Louisiana,Lake Charles,1.0
July,Alabama,Cedar Bluff,1.0
March,Texas,Martinsville,1.0
August,Montana,Helena,1.0
May,South Carolina,Walterboro,1.0
May,South Carolina,North Myrtle Beach,1.0
December,Texas,Cypress,1.0
March,Texas,Fort Worth,1.0
April,Missouri,Columbia,1.0
May,Minnesota,Minneapolis (Plymouth),1.0
July,Florida,Saint Augustine,1.0
June,Mississippi,Brookhaven,1.0
June,Kansas,Sawyer,1.0
May,North Carolina,Greenville,1.0
July,Oklahoma,Bethany,1.0
April,Ohio,Tipp City,1.0
August,North Carolina,Winston Salem (Winston-salem),1.0
March,Wisconsin,Sparta,1.0
October,Texas,Dallas,1.0
April,Kansas,Hutchinson,1.0
March,California,Tracy,1.0
June,Florida,Fort Lauderdale (Lauderhill),1.0
June,Tennessee,Nashville,1.0
April,Alabama,Mobile,1.0
August,Texas,Nome,1.0
June,North Dakota,Mayville,1.0
March,North Carolina,Fayetteville,1.0
June,Illinois,Chicago,1.0
May,Arizona,Mesa,1.0
June,Mississippi,Carthage,1.0
April,Alabama,Leeds,1.0
March,Alabama,Tuscaloosa,1.0
August,Illinois,Chicago,1.0
August,Texas,Bryan,1.0
February,Illinois,Belleville,1.0
January,Indiana,Holton,1.0
July,New York,Bronx,3.0
February,Louisiana,Monroe,1.0
March,Florida,Lakeland,1.0
May,Pennsylvania,Chambersburg,1.0
August,South Carolina,Beaufort,1.0
October,Kentucky,Georgetown,1.0
November,New York,Sherman,1.0
July,Oklahoma,Davis,1.0
October,Kentucky,Hopkinsville,1.0
August,Tennessee,Memphis,1.0
April,Mississippi,Jackson,1.0
July,Colorado,Castle Rock,1.0
July,Florida,Sarasota,1.0
March,Texas,Temple,1.0
March,Florida,Pompano Beach,1.0
April,New Mexico,Carlsbad,1.0
June,Colorado,Steamboat Springs,1.0
August,Texas,Scurry,1.0
April,Tennessee,Englewood,1.0
July,Texas,Cypress,1.0
August,Ohio,Toledo,1.0
May,Wisconsin,Milwaukee,1.0
September,Tennessee,Clarksville,1.0
June,California,Antioch,1.0
November,Texas,Bulverde,1.0
May,Texas,Weatherford,1.0
April,Maryland,Frederick,1.0
March,Wisconsin,Cameron,1.0
November,Tennessee,Dresden,1.0
November,Tennessee,Nashville,1.0
August,California,Red Bluff,1.0
October,Oregon,Sherwood,1.0
February,California,Santa Maria,1.0
March,Alabama,Birmingham,3.0
April,Pennsylvania,York,1.0
June,Arizona,Phoenix,1.0
May,Florida,Fort Lauderdale (Dania Beach),1.0
August,Alaska,Dillingham,1.0
June,Tennessee,Buchanan,1.0
May,Georgia,Griffin,1.0
May,Indiana,Howe,1.0
December,Ohio,Groveport,1.0
May,Arizona,Tucson,1.0
April,South Carolina,Rock Hill,1.0
December,Ohio,Newcomerstown,1.0
April,Alaska,Juneau,1.0
September,Ohio,Madison,1.0
July,Ohio,Miamisburg,1.0
June,California,Fresno,1.0
July,Washington,Federal Way,1.0
May,Indiana,Gary,1.0
August,Georgia,Marietta,1.0
August,Georgia,Columbus,1.0
August,Oklahoma,Tulsa,1.0
July,Mississippi,Hattiesburg,1.0
January,North Carolina,Leland (Belville),1.0
April,Iowa,Waukon,1.0
October,Texas,Fort Worth,1.0
June,Georgia,Lagrange,1.0
March,Utah,Sandy,2.0
July,Massachusetts,Amherst,1.0
July,Wisconsin,Milwaukee,1.0
September,Missouri,Pineville,1.0
August,Michigan,Detroit,1.0
July,Virginia,Richmond,1.0
July,Idaho,Idaho Falls,1.0
April,Florida,Bay (county),1.0
December,Alaska,Anchorage,1.0
May,Washington,Pasco,1.0
September,South Carolina,Hartsville,1.0
June,Oklahoma,Lexington,1.0
August,Indiana,Crown Point,1.0
December,Missouri,Hazelwood,1.0
August,Kentucky,Louisville,1.0
May,Missouri,Ash Grove,1.0
April,South Carolina,Myrtle Beach,1.0
August,Tennessee,Clarksville,2.0
July,Maryland,Hagerstown,1.0
April,Alaska,Anchorage,1.0
July,Mississippi,Starkville,1.0
March,California,Newhall,1.0
June,Mississippi,Greenville,1.0
April,Nebraska,Lincoln,1.0
March,Alaska,Juneau,1.0
April,Nebraska,Omaha,1.0
August,Ohio,Ashtabula,1.0
May,Illinois,Springfield,1.0
July,Florida,Palm Beach (county),1.0
July,South Carolina,Inman,2.0
March,North Carolina,Salisbury,1.0
November,Louisiana,Pitkin,1.0
June,Florida,Cape Coral,2.0
May,New Hampshire,Keene,1.0
May,North Carolina,Charlotte,1.0
May,Ohio,Akron,1.0
October,Arkansas,Helena,1.0
June,Ohio,Shadyside,1.0
February,Texas,El Paso,1.0
July,Georgia,Augusta,1.0
September,Kentucky,Franklin,1.0
June,Georgia,Columbus,1.0
April,North Carolina,Kinston,1.0
July,Tennessee,Greeneville,1.0
October,New York,Greig,1.0
August,Tennessee,Murfreesboro,2.0
May,California,Twentynine Palms (Twentynine Palms Mcb),2.0
September,Indiana,Hammond,2.0
June,Georgia,Jenkins (county),1.0
June,Ohio,Cleveland,1.0
July,Massachusetts,West Springfield,1.0
February,Louisiana,Baton Rouge,1.0
May,North Carolina,Mooresville,1.0
May,Iowa,Clarksville,1.0
May,Ohio,Warren,1.0
October,Kentucky,Covington,1.0
July,Louisiana,Westwego (Bridge City),1.0
February,Alabama,Talladega,1.0
July,Florida,Miami (Doral),1.0
October,Missouri,Saint Louis (University City),1.0
July,Georgia,Cordele,1.0
June,Virginia,Henrico,1.0
August,Michigan,Jackson,1.0
June,Oklahoma,Oklahoma City,1.0
July,Pennsylvania,Pittsburgh,1.0
December,Tennessee,Lawrenceburg,1.0
May,Georgia,Macon,2.0
March,Alabama,Mobile,1.0
July,New York,Rochester,1.0
January,Texas,Fort Worth,1.0
March,Georgia,Hull,1.0
July,Louisiana,New Orleans,1.0
November,Colorado,Saguache,1.0
June,Texas,Beaumont,1.0
November,Connecticut,Wethersfield,1.0
March,Michigan,Midland,1.0
July,Virginia,Hampton,1.0
June,California,San Diego,1.0
September,Oklahoma,Tulsa,1.0
October,New York,Syracuse,1.0
June,Texas,Borger,2.0
July,Massachusetts,Topsfield,1.0
March,Tennessee,Clarksville,1.0
May,Indiana,South Bend,1.0
June,Michigan,Grand Rapids,1.0
February,New Hampshire,Danville,1.0
May,Nebraska,Burwell,1.0
May,Louisiana,Slidell,1.0
June,Pennsylvania,Fredericktown,1.0
July,Georgia,Atlanta,1.0
June,Missouri,Monett,1.0
June,South Carolina,Spartanburg,1.0
December,Maryland,Aquasco,1.0
May,New Hampshire,Manchester,1.0
August,Pennsylvania,West Mifflin,1.0
July,Indiana,Salem,1.0
April,Indiana,Merrillville,1.0
May,Iowa,Stuart,1.0
April,Illinois,Barrington,1.0
June,Texas,San Antonio,1.0
October,Oklahoma,Oklahoma City,1.0
August,Mississippi,Gulfport,1.0
May,Georgia,Smyrna,1.0
May,Wisconsin,Menasha,1.0
April,South Carolina,Bluffton,1.0
June,Indiana,Lebanon,1.0
June,Alabama,Lafayette,1.0
March,Florida,Miami Beach,1.0
July,Maine,Lewiston,1.0
June,Arizona,Glendale,1.0
June,Kansas,Wichita,1.0
May,Michigan,Battle Creek,1.0
June,Tennessee,Memphis,1.0
July,Tennessee,Antioch,1.0
April,Kansas,Wichita,1.0
July,Georgia,Savannah,1.0
January,Texas,Texas City,1.0
July,Tennessee,Chattanooga,1.0
August,Virginia,Richmond,1.0
July,Mississippi,Jackson,1.0
August,Washington,Bremerton,1.0
June,Pennsylvania,Harrisburg,1.0
September,Florida,Jacksonville,1.0
October,Oklahoma,Lawton,1.0
June,Mississippi,Pascagoula,1.0
July,Michigan,Pontiac,1.0
December,Pennsylvania,Pittsburgh (Bloomfield),1.0
April,Louisiana,Baton Rouge,1.0
February,Louisiana,Westlake,1.0
July,Michigan,Alto,1.0
July,Washington,Kent (Covington),1.0
March,Kansas,Lawrence,1.0
October,New York,Rochester,1.0
June,Georgia,Brunswick,1.0
July,California,San Bernardino (Muscoy),1.0
July,Kansas,Lenexa,1.0
June,Pennsylvania,Saylorsburg,1.0
June,Missouri,Saint Joseph,1.0
May,California,Vallejo,1.0
August,Tennessee,Nashville,1.0
August,Nevada,Las Vegas,1.0
May,Florida,Lake Worth,2.0
July,Georgia,Warner Robins,1.0
July,Wisconsin,Russell,1.0
May,North Carolina,Wilmington,1.0
June,Texas,Big Spring,1.0
April,Washington,Morton,1.0
July,Texas,San Angelo,1.0
July,Tennessee,Knoxville,1.0
August,South Carolina,Columbia,1.0
March,Mississippi,Edwards,1.0
March,Michigan,Warren,1.0
August,Mississippi,Hattiesburg,1.0
July,Texas,Bacliff,1.0
January,Michigan,Merrill,2.0
May,Ohio,Wakeman,1.0
January,Mississippi,Oxford,1.0
June,Virginia,Stafford,1.0
May,Minnesota,Brainerd,1.0
July,Alabama,Samson,2.0
July,Tennessee,Memphis,1.0
July,California,Farmersville,3.0
December,New Mexico,Albuquerque,1.0
December,Alabama,Montgomery,1.0
July,Ohio,Cincinnati,1.0
September,Ohio,Fremont,1.0
March,Pennsylvania,Temple,1.0
March,Georgia,Atlanta,1.0
May,Louisiana,Monroe,1.0
April,Colorado,Olathe,1.0
May,Louisiana,Lake Charles (Moss Bluff),1.0
July,Maryland,Jessup,1.0
June,Kentucky,Campbellsville,1.0
July,Arizona,Mesa,1.0
April,Florida,Ocala,3.0
April,Arkansas,Jonesboro,1.0
March,Michigan,Detroit,1.0
April,Tennessee,Afton,1.0
July,Pennsylvania,Ephrata,2.0
June,Georgia,Riverdale,1.0
August,Louisiana,Shreveport,2.0
June,Texas,Houston,1.0
September,Texas,Garland,1.0
June,Washington,Bellevue,1.0
May,California,Fresno,2.0
June,Ohio,Columbus,1.0
June,Florida,Vero Beach,1.0
November,Tennessee,Memphis,1.0
July,Indiana,Hammond,1.0
February,Louisiana,Baker,1.0
July,Ohio,Newark,2.0
April,Georgia,Columbus,1.0
May,Pennsylvania,Lock Haven,1.0
May,Michigan,Detroit,1.0
July,Utah,Tooele,1.0
February,Ohio,Sandusky,1.0
March,Pennsylvania,Lancaster,1.0
May,California,Scotts Valley,1.0
June,Texas,Dayton,1.0
March,Mississippi,Oxford,1.0
July,California,Oakland,1.0
June,Arkansas,El Dorado,1.0
May,California,Santa Cruz,1.0
September,Texas,Manvel,1.0
August,South Carolina,Lexington,1.0
July,California,Fresno,1.0
January,Ohio,Youngstown,1.0
June,Pennsylvania,Chester,1.0
July,Mississippi,Louisville,1.0
April,Florida,Jacksonville,1.0
May,Louisiana,Longville,1.0
July,North Dakota,Minot,1.0
November,Louisiana,Arnaudville,1.0
August,California,Salinas,1.0
May,Texas,Waco,1.0
August,Indiana,Indianapolis,1.0
March,Florida,Miami,1.0
June,Louisiana,Farmerville (Rocky Branch),1.0
May,Oklahoma,Chickasha,1.0
March,Pennsylvania,Reading,1.0
October,Illinois,Chicago,1.0
August,Michigan,Pontiac,1.0
April,Indiana,Fort Wayne,2.0
May,Texas,Houston,2.0
May,Pennsylvania,Erie,1.0
June,Nevada,Las Vegas,3.0
July,Oregon,Blue River,1.0
April,Indiana,Monroe (county),2.0
April,Indiana,South Bend,1.0
July,Oklahoma,Tulsa,1.0
December,Kansas,Lawrence,1.0
December,Washington,Auburn,1.0
July,Florida,Wildwood,1.0
April,Florida,Big Pine Key,1.0
March,Virginia,Unionville,1.0
June,Louisiana,Shreveport,1.0
January,Mississippi,Jackson,1.0
February,Tennessee,Nashville,1.0
July,Michigan,Detroit,1.0
July,Washington,Renton,1.0
July,Georgia,Athens,1.0
June,Wisconsin,Milwaukee,1.0
May,Illinois,Rockford,1.0
September,Alaska,Manokotak,1.0
May,West Virginia,Charleston,1.0
May,Iowa,Council Bluffs,1.0
March,South Carolina,Easley,1.0
March,Oklahoma,Tulsa,1.0
January,Florida,Marianna,1.0
July,Alaska,Anchorage,1.0
May,Florida,Ocala,1.0
March,Illinois,Chicago,1.0
September,Montana,Pablo,1.0
April,Texas,Christine,2.0
June,Oklahoma,Tulsa,1.0
July,Colorado,Sedalia,1.0
July,Wisconsin,Madison,1.0
July,Michigan,Muskegon (Muskegon Heights),1.0
April,Tennessee,Butler,1.0
November,Ohio,Conneaut,1.0
March,Wisconsin,Milwaukee,1.0
May,Ohio,Minford,1.0
May,Massachusetts,South Hadley,1.0
July,Illinois,Chicago,1.0
May,Wisconsin,Ontario,1.0
April,Florida,Deltona,1.0
February,Florida,Orlando,1.0
April,Michigan,Marshall,1.0
July,Illinois,Des Plaines,1.0
February,Texas,Lubbock,1.0
November,Oregon,Roseburg,1.0
June,Tennessee,Lexington,1.0
April,Kansas,Overland Park,1.0
July,New York,Gowanda,1.0
July,Louisiana,Harvey,1.0
May,Massachusetts,Athol,1.0
June,Washington,Seattle (Seatac),1.0
November,Arizona,Phoenix,1.0
October,Kentucky,Somerset,1.0
January,California,Compton,1.0
June,Colorado,Lafayette,1.0
January,Alabama,Atmore,1.0
April,Washington,Pe Ell,1.0
December,Texas,Hillsboro,1.0
August,Florida,Pinellas Park,1.0
July,Arkansas,Benton (Haskell),1.0
March,Missouri,Saint Louis,1.0
March,Colorado,Arboles,1.0
July,West Virginia,Morgantown,1.0
June,Mississippi,Meridian,1.0
April,Ohio,Wickliffe,1.0
December,Alabama,Odenville,1.0
June,Tennessee,Harrogate,1.0
July,Wisconsin,Racine,1.0
July,Maine,Oakland,1.0
July,Maine,Baldwin,1.0
March,Florida,Wimauma,1.0
March,Pennsylvania,Easton (Forks Township),1.0
May,Illinois,Sparta,2.0
June,Arkansas,Conway,1.0
June,Iowa,Iowa City,1.0
March,New York,Rochester,1.0
June,Illinois,Mount Vernon,1.0
June,Oregon,Silver Lake,1.0
January,Alabama,Bessemer (Concord),1.0
March,Virginia,Hampton,1.0
June,Connecticut,Waterbury,1.0
December,Ohio,Dayton,1.0
May,South Carolina,Rock Hill,1.0
December,Missouri,Florissant,1.0
March,Texas,Lubbock,1.0
March,Connecticut,Stamford,1.0
April,Michigan,South Haven,1.0
December,Alabama,Anniston,1.0
January,Minnesota,Stillwater,1.0
July,Missouri,Hartville,1.0
June,Florida,Bradenton,1.0
August,Missouri,Saint Joseph,1.0
February,Ohio,Ashtabula,1.0
December,Mississippi,Cleveland,1.0
March,Texas,Killeen,1.0
February,Arizona,Sierra Vista,1.0
August,Texas,Wichita Falls,1.0
July,South Carolina,Myrtle Beach,1.0
August,Colorado,Colorado Springs (Fort Carson),1.0
March,South Carolina,Clio,1.0
July,Idaho,Troy,1.0
June,Illinois,Joliet,1.0
April,Texas,Madisonville,1.0
March,Indiana,Terre Haute,1.0
June,Tennessee,Antioch,1.0
July,South Carolina,Mount Pleasant,1.0
July,Illinois,Springfield,1.0
March,Michigan,Memphis,1.0
January,Wisconsin,New Holstein,1.0
April,Virginia,Fredericksburg,1.0
July,Georgia,Macon,1.0
March,New York,Fort Drum,1.0
December,Minnesota,Saint Paul,1.0
June,Virginia,Chesterfield,1.0
August,Missouri,Kansas City,1.0
November,Ohio,West Chester,1.0
June,Virginia,Vinton,1.0
January,Oregon,Warrenton,1.0
April,Utah,Salt Lake City (West Valley City),4.0
March,Florida,Ocala,1.0
November,North Carolina,Lillington,1.0
January,California,Norwalk,1.0
August,Texas,Weatherford,1.0
August,Missouri,Festus,1.0
July,Arkansas,Cotton Plant (Maberry),1.0
July,Georgia,Roswell,2.0
June,Ohio,Barberton,1.0
May,Ohio,Franklin,1.0
May,Idaho,Shoshone,1.0
February,Florida,Bradenton,1.0
April,Iowa,Westgate,1.0
March,Alabama,Ozark,2.0
April,Pennsylvania,Lancaster,1.0
March,Pennsylvania,Youngsville,1.0
November,Pennsylvania,Philadelphia,1.0
July,Mississippi,Columbus,1.0
June,Ohio,Toledo,1.0
July,Missouri,Florissant (Black Jack),1.0
May,Iowa,Fort Dodge,1.0
June,Arkansas,Danville,1.0
June,South Carolina,Myrtle Beach,1.0
January,Tennessee,Antioch,1.0
December,Michigan,Detroit,1.0
July,Florida,Dunedin,1.0
July,Kentucky,Shelbyville,1.0
July,Iowa,Waterloo,1.0
